<?xml version="1.0" encoding="UTF-8"?>
<project-private xmlns="http://www.netbeans.org/ns/project-private/1">
    <editor-bookmarks xmlns="http://www.netbeans.org/ns/editor-bookmarks/2" lastBookmarkId="0"/>
    <open-files xmlns="http://www.netbeans.org/ns/projectui-open-files/2">
        <group>
            <file>file:/C:/Users/carlo/Documents/NetBeansProjects/SM.CGS.Biblioteca/src/sm/cgs/graficos/Rectangulo2D.java</file>
            <file>file:/C:/Users/carlo/Documents/NetBeansProjects/SM.CGS.Biblioteca/src/sm/cgs/graficos/Linea2D.java</file>
            <file>file:/C:/Users/carlo/Documents/NetBeansProjects/SM.CGS.Biblioteca/src/sm/cgs/graficos/Elipse2D.java</file>
            <file>file:/C:/Users/carlo/Documents/NetBeansProjects/SM.CGS.Biblioteca/src/sm/cgs/imagen/RedOp.java</file>
            <file>file:/C:/Users/carlo/Documents/NetBeansProjects/SM.CGS.Biblioteca/src/sm/cgs/graficos/SMShape.java</file>
            <file>file:/C:/Users/carlo/Documents/NetBeansProjects/SM.CGS.Biblioteca/src/sm/cgs/imagen/PosterizarOp.java</file>
            <file>file:/C:/Users/carlo/Documents/NetBeansProjects/SM.CGS.Biblioteca/src/sm/cgs/imagen/AutoTintadoOp.java</file>
            <file>file:/C:/Users/carlo/Documents/NetBeansProjects/SM.CGS.Biblioteca/src/sm/cgs/iu/Lienzo2D.java</file>
        </group>
    </open-files>
</project-private>
